question,answer
What is Alzheimer's disease?,"Alzheimer’s disease is a brain disorder that gradually destroys memory, thinking skills, and the ability to perform simple tasks."
When do symptoms of Alzheimer's typically first appear?,"Symptoms of Alzheimer's usually first appear later in life, especially in individuals aged 65 or older."
How many Americans are estimated to have Alzheimer's disease?,"Experts suggest that more than 6 million Americans may have Alzheimer’s, with the majority being age 65 or older."
What is dementia?,"Dementia is the loss of cognitive functioning and behavioral abilities to such an extent that it interferes with a person’s daily life and activities."
What are some other forms of dementia mentioned in the article?,"Other forms of dementia include Lewy body dementia, frontotemporal disorders, and vascular dementia."
Who is Alzheimer's disease named after?,"Alzheimer's disease is named after Dr. Alois Alzheimer, who noticed changes in the brain tissue of a woman who had died of an unusual mental illness in"
What are some of the main features of Alzheimer's disease in the brain?,"Main features of Alzheimer's include abnormal clumps (amyloid plaques) and tangled bundles of fibers (neurofibrillary tangles) in the brain, as well as loss of connections between neurons."
When do changes in the brain associated with Alzheimer's typically begin?,"Changes in the brain associated with Alzheimer’s may begin a decade or more before symptoms appear."
What are some signs and symptoms of Alzheimer's disease?,"Memory problems, difficulties with language and reasoning, and personality and behavior changes are some common signs and symptoms of Alzheimer's disease."
What are the stages of Alzheimer's disease mentioned in the article?,"The stages of Alzheimer's disease include mild, moderate, and severe stages, each characterized by worsening symptoms and cognitive decline."
What causes Alzheimer's disease?,"The exact causes of Alzheimer's disease are not fully understood, but they likely involve a combination of age-related changes in the brain, genetic factors, environmental factors, and lifestyle factors."
How is Alzheimer's disease diagnosed?,"Alzheimer's disease is diagnosed through a combination of methods, including medical history assessment, cognitive tests, medical tests, and brain imaging."
What treatments are available for Alzheimer's disease?,"While there is currently no cure for Alzheimer's disease, medications and interventions are available to manage symptoms and slow down the progression of the disease."
How can families and caregivers support individuals with Alzheimer's disease?,"Families and caregivers can provide support by educating themselves about the disease, developing coping skills, seeking respite care, and joining support groups."
